username,period,source_year,source_url
!!!partition51,2000-2004,2002,http://slashdot.org:80/~!!!partition51/
!Dozer,2000-2004,2001,http://slashdot.org:80/~!Dozer/
!ErrorBookmarkNotDef,2000-2004,2001,http://slashdot.org:80/~!ErrorBookmarkNotDef/
!IH,2000-2004,2001,http://slashdot.org:80/~!IH/
!ramirez,2000-2004,2001,http://slashdot.org:80/~!ramirez/
!recycle,2000-2004,2001,http://slashdot.org:80/~!recycle/
!Xabbu,2000-2004,2001,http://slashdot.org:80/~!Xabbu/
#define,2000-2004,2001,http://slashdot.org:80/~%23define/
#include,2000-2004,2001,http://slashdot.org:80/~%23include/
+Addict-09+,2000-2004,2001,http://slashdot.org:80/~+Addict-09+/
+Majere+,2000-2004,2001,http://slashdot.org:80/~+Majere+/
-+BlueSky+-,2000-2004,2001,http://slashdot.org:80/~-+BlueSky+-/
--daz--,2000-2004,2001,http://slashdot.org:80/~--daz--/
-alex-,2000-2004,2001,http://slashdot.org:80/~-alex-/
-audiowhore-,2000-2004,2003,http://slashdot.org:80/%7E-audiowhore-/
-Bacon-,2000-2004,2001,http://slashdot.org:80/~-Bacon-/
-brazil-,2000-2004,2001,http://slashdot.org:80/~-brazil-/
-cman-,2000-2004,2001,http://slashdot.org:80/~-cman-/
-douggy,2000-2004,2001,http://slashdot.org:80/~-douggy/
-eddy,2000-2004,2001,http://slashdot.org:80/~-eddy/
-Harlequin-,2000-2004,2001,http://slashdot.org:80/~-Harlequin-/
-jaded-,2000-2004,2001,http://slashdot.org:80/~-jaded-/
-kevin-,2000-2004,2001,http://slashdot.org:80/~-kevin-/
-martee,2000-2004,2001,http://slashdot.org:80/~-martee/
-Nails-,2000-2004,2001,http://slashdot.org:80/~-Nails-/
-Neko-,2000-2004,2001,http://slashdot.org:80/~-Neko-/
-ParadoX-,2000-2004,2001,http://slashdot.org:80/~-ParadoX-/
-razor-,2000-2004,2001,http://slashdot.org:80/~-razor-/
-ryan,2000-2004,2001,http://slashdot.org:80/~-ryan/
-Surak-,2000-2004,2001,http://slashdot.org:80/~-Surak-/
-tji,2000-2004,2001,http://slashdot.org:80/~-tji/
-Version8-,2000-2004,2001,http://slashdot.org:80/~-Version8-/
.Bruce+Perens,2000-2004,2001,http://slashdot.org:80/~.Bruce+Perens/
.gpb,2000-2004,2001,http://slashdot.org:80/~.gpb/
.oO-DexteR-Oo.,2000-2004,2001,http://slashdot.org:80/~.oO-DexteR-Oo./
.sig,2000-2004,2001,http://slashdot.org:80/~.sig/
.Tacitus.,2000-2004,2001,http://slashdot.org:80/~.Tacitus./
00RUSS,2000-2004,2002,http://slashdot.org:80/~00RUSS/
0_KrUsH,2000-2004,2004,http://slashdot.org:80/%7E0_KrUsH/
0dna0,2000-2004,2001,http://slashdot.org:80/~0dna0/
0sb0rne,2000-2004,2001,http://slashdot.org:80/~0sb0rne/
0x0000,2000-2004,2001,http://slashdot.org:80/~0x0000/
0x25,2000-2004,2001,http://slashdot.org:80/~0x25/
0x666f6f0a,2000-2004,2001,http://slashdot.org:80/~0x666f6f0a/
0x7F,2000-2004,2001,http://slashdot.org:80/~0x7F/
0xA,2000-2004,2001,http://slashdot.org:80/~0xA/
0xCEFB0C4E,2000-2004,2001,http://slashdot.org:80/~0xCEFB0C4E/
10+Hacker,2000-2004,2001,http://slashdot.org:80/~10+Hacker/
10.0.0.1,2000-2004,2001,http://slashdot.org:80/~10.0.0.1/
1000baseFX,2000-2004,2001,http://slashdot.org:80/~1000baseFX/
109+97+116+116,2000-2004,2001,http://slashdot.org:80/~109+97+116+116/
10am-bedtime,2000-2004,2001,http://slashdot.org:80/~10am-bedtime/
10e+999,2000-2004,2001,http://slashdot.org:80/~10e+999/pubkey/
10Ghz,2000-2004,2001,http://slashdot.org:80/~10Ghz/
10sball,2000-2004,2001,http://slashdot.org:80/~10sball/
10sun,2000-2004,2001,http://slashdot.org:80/~10sun/
11+platter+hard+driv,2000-2004,2001,http://slashdot.org:80/~11+platter+hard+driv/
1101z,2000-2004,2001,http://slashdot.org:80/~1101z/
11thangel,2000-2004,2001,http://slashdot.org:80/~11thangel/
12dec0de,2000-2004,2001,http://slashdot.org:80/~12dec0de/
13013dobbs,2000-2004,2001,http://slashdot.org:80/~13013dobbs/journal/
1337d00d,2000-2004,2001,http://slashdot.org:80/~1337d00d/
18buddhas,2000-2004,2001,http://slashdot.org:80/~18buddhas/
1alpha7,2000-2004,2001,http://slashdot.org:80/~1alpha7/
1shooter,2000-2004,2001,http://slashdot.org:80/~1shooter/
1skywalker1,2000-2004,2001,http://slashdot.org:80/~1skywalker1/
1stflight,2000-2004,2002,http://slashdot.org:80/~1stflight/
21mhz,2000-2004,2001,http://slashdot.org:80/~21mhz/
21stCenturyMan,2000-2004,2002,http://slashdot.org:80/~21stCenturyMan/
23_Elders,2000-2004,2001,http://slashdot.org:80/~23_Elders/
2Bits,2000-2004,2001,http://slashdot.org:80/~2Bits/
2dor!2d,2000-2004,2001,http://slashdot.org:80/~2dor!2d/
2Flower,2000-2004,2001,http://slashdot.org:80/~2Flower/
2g3-598hX,2000-2004,2002,http://slashdot.org:80/~2g3-598hX/
2moon2,2000-2004,2002,http://slashdot.org:80/~2moon2/
2ms,2000-2004,2001,http://slashdot.org:80/~2ms/
2MuchC0ffeeMan,2000-2004,2001,http://slashdot.org:80/~2MuchC0ffeeMan/
2n2,2000-2004,2002,http://slashdot.org:80/~2n2/
2nd+Post!,2000-2004,2001,http://slashdot.org:80/~2nd+Post!/
2PAIRofACES,2000-2004,2001,http://slashdot.org:80/~2PAIRofACES/
2quam4,2000-2004,2001,http://slashdot.org:80/~2quam4/
2ri,2000-2004,2001,http://slashdot.org:80/~2ri/
2RockStars,2000-2004,2001,http://slashdot.org:80/~2RockStars/
30F06950,2000-2004,2001,http://slashdot.org:80/~30F06950/
31eq,2000-2004,2001,http://slashdot.org:80/~31eq/
33C,2000-2004,2001,http://slashdot.org:80/~33C/
36-bitter,2000-2004,2001,http://slashdot.org:80/~36-bitter/
3Bees,2000-2004,2002,http://slashdot.org:80/~3Bees/
3Cats,2000-2004,2001,http://slashdot.org:80/~3Cats/
3D0G,2000-2004,2001,http://slashdot.org:80/~3D0G/
3J0hn,2000-2004,2001,http://slashdot.org:80/~3J0hn/
3jeff,2000-2004,2001,http://slashdot.org:80/~3jeff/
3r33t+h4x0r,2000-2004,2001,http://slashdot.org:80/~3r33t+h4x0r/
3ric,2000-2004,2001,http://slashdot.org:80/~3ric/
3rkanes,2000-2004,2003,http://slashdot.org:80/%7E3rkanes
3ryon,2000-2004,2001,http://slashdot.org:80/~3ryon/
3seas,2000-2004,2001,http://slashdot.org:80/~3seas/
3waygeek,2000-2004,2001,http://slashdot.org:80/~3waygeek/
3x3eyes,2000-2004,2001,http://slashdot.org:80/~3x3eyes/
40+Watt,2000-2004,2001,http://slashdot.org:80/~40+Watt/
420Geek,2000-2004,2001,http://slashdot.org:80/~420Geek/
4cTuck,2000-2004,2001,http://slashdot.org:80/~4cTuck/
4ginandtonics,2000-2004,2001,http://slashdot.org:80/~4ginandtonics/
4iedBandit,2000-2004,2001,http://slashdot.org:80/~4iedBandit/
4im,2000-2004,2001,http://slashdot.org:80/~4im/
4me2no,2000-2004,2001,http://slashdot.org:80/~4me2no/
4mn0t1337,2000-2004,2001,http://slashdot.org:80/~4mn0t1337/
4of12,2000-2004,2001,http://slashdot.org:80/~4of12/
4Runner,2000-2004,2002,http://slashdot.org:80/~4Runner/
4thAce,2000-2004,2001,http://slashdot.org:80/~4thAce/
512k,2000-2004,2001,http://slashdot.org:80/~512k/
56ksucks,2000-2004,2001,http://slashdot.org:80/~56ksucks/
5foot2,2000-2004,2001,http://slashdot.org:80/~5foot2/
5KVGhost,2000-2004,2001,http://slashdot.org:80/~5KVGhost/
5lash,2000-2004,2002,http://slashdot.org:80/~5lash/
5n3ak3rp1mp,2000-2004,2001,http://slashdot.org:80/~5n3ak3rp1mp/
5v9,2000-2004,2001,http://slashdot.org:80/~5v9/
6EQUJ5,2000-2004,2001,http://slashdot.org:80/~6EQUJ5/
7-Vodka,2000-2004,2001,http://slashdot.org:80/~7-Vodka/
72beetle,2000-2004,2001,http://slashdot.org:80/~72beetle/
78spb89,2000-2004,2001,http://slashdot.org:80/~78spb89/
8.012,2000-2004,2001,http://slashdot.org:80/~8.012/
87C751,2000-2004,2001,http://slashdot.org:80/~87C751/
8bahl,2000-2004,2002,http://slashdot.org:80/~8bahl/
8bit,2000-2004,2001,http://slashdot.org:80/~8bit/
8Complex,2000-2004,2001,http://slashdot.org:80/~8Complex/
91degrees,2000-2004,2001,http://slashdot.org:80/~91degrees/
97jaz,2000-2004,2001,http://slashdot.org:80/~97jaz/
9th,2000-2004,2001,http://slashdot.org:80/~9th/
@madeus,2000-2004,2004,http://slashdot.org:80/%7E%40madeus/
_14k4,2000-2004,2001,http://slashdot.org:80/~_14k4/
__Paul__,2000-2004,2002,http://slashdot.org:80/~__Paul__/
__roo,2000-2004,2001,http://slashdot.org:80/~__roo/
__shad__,2000-2004,2001,http://slashdot.org:80/~__shad__/
__soup_dragon__,2000-2004,2001,http://slashdot.org:80/~__soup_dragon__/
_aargh,2000-2004,2001,http://slashdot.org:80/~_aargh/
_alpha_,2000-2004,2001,http://slashdot.org:80/~_alpha_/
_anomaly_,2000-2004,2001,http://slashdot.org:80/~_anomaly_/
_bernie,2000-2004,2001,http://slashdot.org:80/~_bernie/
_Bruce+Perens,2000-2004,2001,http://slashdot.org:80/~_Bruce+Perens/
_bug_,2000-2004,2001,http://slashdot.org:80/~_bug_/
_damnit_,2000-2004,2001,http://slashdot.org:80/~_damnit_/
_Dante_,2000-2004,2001,http://slashdot.org:80/~_Dante_/
_dewman_,2000-2004,2001,http://slashdot.org:80/~_dewman_/
_dim,2000-2004,2001,http://slashdot.org:80/~_dim/
_dl_,2000-2004,2001,http://slashdot.org:80/~_dl_/
_egg,2000-2004,2001,http://slashdot.org:80/~_egg/
_flan,2000-2004,2001,http://slashdot.org:80/~_flan/
_fuzz_,2000-2004,2001,http://slashdot.org:80/~_fuzz_/
_ganja_,2000-2004,2001,http://slashdot.org:80/~_ganja_/
_generica,2000-2004,2001,http://slashdot.org:80/~_generica/
_GNU_,2000-2004,2001,http://slashdot.org:80/~_GNU_/
_Gnubie_,2000-2004,2001,http://slashdot.org:80/~_Gnubie_/
_Gus,2000-2004,2001,http://slashdot.org:80/~_Gus/
_hutch_,2000-2004,2001,http://slashdot.org:80/~_hutch_/
_KhlER3L,2000-2004,2004,http://slashdot.org:80/%7E_KhlER3L
_Lewellyn,2000-2004,2001,http://slashdot.org:80/~_Lewellyn/
_Logic_,2000-2004,2001,http://slashdot.org:80/~_Logic_/pubkey/
_LORAX_,2000-2004,2001,http://slashdot.org:80/~_LORAX_/
_Ludwig,2000-2004,2001,http://slashdot.org:80/~_Ludwig/
_marshall,2000-2004,2001,http://slashdot.org:80/~_marshall/
_martini_,2000-2004,2001,http://slashdot.org:80/~_martini_/
_Mustang,2000-2004,2001,http://slashdot.org:80/~_Mustang/
_Nemmeran_,2000-2004,2001,http://slashdot.org:80/~_Nemmeran_/
_Neurotic,2000-2004,2001,http://slashdot.org:80/~_Neurotic/
_outcat_,2000-2004,2001,http://slashdot.org:80/~_outcat_/
_peter,2000-2004,2001,http://slashdot.org:80/~_peter/
_ph1ux_,2000-2004,2001,http://slashdot.org:80/~_ph1ux_/
_pi-away,2000-2004,2001,http://slashdot.org:80/~_pi-away/
_Quinn,2000-2004,2001,http://slashdot.org:80/~_Quinn/
_Spirit,2000-2004,2001,http://slashdot.org:80/~_Spirit/
_Splat,2000-2004,2001,http://slashdot.org:80/~_Splat/
_Sprocket_,2000-2004,2001,http://slashdot.org:80/~_Sprocket_/
_Stryker,2000-2004,2001,http://slashdot.org:80/~_Stryker/
_Swank,2000-2004,2001,http://slashdot.org:80/~_Swank/
_TheJester_,2000-2004,2001,http://slashdot.org:80/~_TheJester_/
a-dead-trousers,2000-2004,2004,http://sourceforge.net:80/users/a-dead-trousers/
a-ito,2000-2004,2002,http://sourceforge.net:80/users/a-ito/
a-konovalenko,2000-2004,2001,http://sourceforge.net:80/users/a-konovalenko/
a-non-mouse,2000-2004,2004,http://sourceforge.net:80/users/a-non-mouse/
a-otto,2000-2004,2001,http://sourceforge.net:80/users/a-otto/
a-san,2000-2004,2001,http://sourceforge.net:80/users/a-san
a0174052,2000-2004,2004,http://sourceforge.net:80/users/a0174052/
a03,2000-2004,2003,http://sourceforge.net:80/users/a03/%22/
a1001bytes,2000-2004,2002,http://sourceforge.net:80/users/a1001bytes/
a11asts,2000-2004,2001,http://sourceforge.net:80/users/a11asts
a12,2000-2004,2002,http://sourceforge.net:80/users/a12/
a1k0n,2000-2004,2003,http://sourceforge.net:80/users/a1k0n/
a1kmm,2000-2004,2004,http://sourceforge.net:80/users/a1kmm/
a1s,2000-2004,2003,http://sourceforge.net:80/users/a1s/
a1st0,2000-2004,2003,http://sourceforge.net:80/users/a1st0/
a1studmuffin,2000-2004,2004,http://sourceforge.net:80/users/a1studmuffin/
a1tsal,2000-2004,2004,http://sourceforge.net:80/users/a1tsal/
a1wake,2000-2004,2004,http://sourceforge.net:80/users/a1wake/
a22,2000-2004,2001,http://sourceforge.net:80/users/a22/
a3aan,2000-2004,2003,http://sourceforge.net:80/users/a3aan/
a3ulafia,2000-2004,2004,http://sourceforge.net:80/users/a3ulafia
a5m0,2000-2004,2002,http://sourceforge.net:80/users/a5m0/
a67sm,2000-2004,2004,http://sourceforge.net:80/users/a67sm/
a7r,2000-2004,2003,http://sourceforge.net:80/users/a7r/
a9401821,2000-2004,2003,http://sourceforge.net:80/users/a9401821/%22/
a_camek,2000-2004,2004,http://sourceforge.net:80/users/a_camek/
a_engels,2000-2004,2004,http://sourceforge.net:80/users/a_engels/
a_kovalenko,2000-2004,2004,http://sourceforge.net:80/users/a_kovalenko
a_lumyanski,2000-2004,2004,http://sourceforge.net:80/users/a_lumyanski/
a_lunix_98,2000-2004,2001,http://sourceforge.net:80/users/a_lunix_98
a_madl,2000-2004,2001,http://sourceforge.net:80/users/a_madl
a_mastronardi,2000-2004,2002,http://sourceforge.net:80/users/a_mastronardi/
a_portier,2000-2004,2003,http://sourceforge.net:80/users/a_portier/
a_rueckert,2000-2004,2001,http://sourceforge.net:80/users/a_rueckert
a_safwat,2000-2004,2003,http://sourceforge.net:80/users/a_safwat/
a_senna,2000-2004,2004,http://sourceforge.net:80/users/a_senna/
a_serghei,2000-2004,2002,http://sourceforge.net:80/users/a_serghei/
a_shestakov,2000-2004,2003,http://sourceforge.net:80/users/a_shestakov/
a_sobala,2000-2004,2004,http://sourceforge.net:80/users/a_sobala
a_susanj,2000-2004,2004,http://sourceforge.net:80/users/a_susanj/
a_thiele,2000-2004,2004,http://sourceforge.net:80/users/a_thiele/
a_v_g,2000-2004,2004,http://sourceforge.net:80/users/a_v_g/
a_volz,2000-2004,2004,http://sourceforge.net:80/users/a_volz/
a_wronski,2000-2004,2004,http://sourceforge.net:80/users/a_wronski/
aa1vl,2000-2004,2004,http://sourceforge.net:80/users/aa1vl/
aaasss,2000-2004,2004,http://sourceforge.net:80/users/aaasss/
aaava,2000-2004,2004,http://sourceforge.net:80/users/aaava
aabouchi,2000-2004,2003,http://sourceforge.net:80/users/aabouchi/
aad_nales,2000-2004,2002,http://sourceforge.net:80/users/aad_nales/
aadbryanscott,2000-2004,2004,http://sourceforge.net:80/users/aadbryanscott
aadler,2000-2004,2004,http://sourceforge.net:80/users/aadler/
aadnoll,2000-2004,2001,http://sourceforge.net:80/users/aadnoll/
aafemt,2000-2004,2003,http://sourceforge.net:80/users/aafemt/
aaff,2000-2004,2004,http://sourceforge.net:80/users/aaff/
aaflatooni,2000-2004,2002,http://sourceforge.net:80/users/aaflatooni/
aafuss1,2000-2004,2003,http://sourceforge.net:80/users/aafuss1/
aagapov,2000-2004,2004,http://sourceforge.net:80/users/aagapov/
aahz,2000-2004,2004,http://sourceforge.net:80/users/aahz/
aaime,2000-2004,2003,http://sourceforge.net:80/users/aaime/
aaizemberg,2000-2004,2002,http://sourceforge.net:80/users/aaizemberg/
aakash,2000-2004,2000,http://sourceforge.net:80/users/aakash
aakis,2000-2004,2003,http://sourceforge.net:80/users/aakis/
aalcocer,2000-2004,2004,http://sourceforge.net:80/users/aalcocer/
aalef,2000-2004,2004,http://sourceforge.net:80/users/aalef/
aalexei,2000-2004,2001,http://sourceforge.net:80/users/aalexei
aali,2000-2004,2001,http://sourceforge.net:80/users/aali/
aalloo,2000-2004,2002,http://sourceforge.net:80/users/aalloo/
aaloy,2000-2004,2003,http://sourceforge.net:80/users/aaloy/
aamayer,2000-2004,2004,http://sourceforge.net:80/users/aamayer/
aamoruso,2000-2004,2002,http://sourceforge.net:80/users/aamoruso/
aamr,2000-2004,2004,http://sourceforge.net:80/users/aamr/
aanand,2000-2004,2003,http://sourceforge.net:80/users/aanand/
aanatoly,2000-2004,2004,http://sourceforge.net:80/users/aanatoly/
aandrei,2000-2004,2003,http://sourceforge.net:80/users/aandrei/
aantov,2000-2004,2004,http://sourceforge.net:80/users/aantov/
aanttila,2000-2004,2004,http://sourceforge.net:80/users/aanttila/
aaptam,2000-2004,2004,http://sourceforge.net:80/users/aaptam/
aardappel,2000-2004,2003,http://sourceforge.net:80/users/aardappel/
aarendsen,2000-2004,2004,http://sourceforge.net:80/users/aarendsen
aarev,2000-2004,2003,http://sourceforge.net:80/users/aarev/
aaron,2000-2004,2001,http://sourceforge.net:80/users/aaron/
aaron_801,2000-2004,2004,http://sourceforge.net:80/users/aaron_801/
aaron_murray,2000-2004,2004,http://sourceforge.net:80/users/aaron_murray/
aaron_newman,2000-2004,2002,http://sourceforge.net:80/users/aaron_newman/
aaron_watters,2000-2004,2001,http://sourceforge.net:80/users/aaron_watters
aaronbata,2000-2004,2004,http://sourceforge.net:80/users/aaronbata/
aaronbennett,2000-2004,2002,http://sourceforge.net:80/users/aaronbennett/
aaroncrane,2000-2004,2004,http://sourceforge.net:80/users/aaroncrane/
aarondavis,2000-2004,2001,http://sourceforge.net:80/users/aarondavis/
aaronh,2000-2004,2001,http://sourceforge.net:80/users/aaronh
aaronhicks,2000-2004,2004,http://sourceforge.net:80/users/aaronhicks
aaronkaplan,2000-2004,2004,http://sourceforge.net:80/users/aaronkaplan/
aaronl,2000-2004,2003,http://sourceforge.net:80/users/aaronl/%22/
aaronperkins,2000-2004,2004,http://sourceforge.net:80/users/aaronperkins/
aaronprice,2000-2004,2003,http://sourceforge.net:80/users/aaronprice/
aarons,2000-2004,2001,http://sourceforge.net:80/users/aarons/
aaronsw,2000-2004,2001,http://sourceforge.net:80/users/aaronsw/
aaronuv,2000-2004,2004,http://sourceforge.net:80/users/aaronuv/
aaronwald,2000-2004,2002,http://sourceforge.net:80/users/aaronwald/
aaronwhittier,2000-2004,2004,http://sourceforge.net:80/users/aaronwhittier/
aarse,2000-2004,2004,http://sourceforge.net:80/users/aarse/
aarun3034,2000-2004,2004,http://sourceforge.net:80/users/aarun3034
aarvesen,2000-2004,2004,http://sourceforge.net:80/users/aarvesen/
aastha,2000-2004,2004,http://sourceforge.net:80/users/aastha/
aaton,2000-2004,2003,http://sourceforge.net:80/users/aaton/
aaturner,2000-2004,2001,http://sourceforge.net:80/users/aaturner/
aavelar,2000-2004,2004,http://sourceforge.net:80/users/aavelar/
ab031ns,2000-2004,2004,http://sourceforge.net:80/users/ab031ns/
ab0oo,2000-2004,2003,http://sourceforge.net:80/users/ab0oo/
ab_p,2000-2004,2002,http://sourceforge.net:80/users/ab_p/
ababel,2000-2004,2004,http://sourceforge.net:80/users/ababel/
abadd0n,2000-2004,2003,http://sourceforge.net:80/users/abadd0n/
abadger1999,2000-2004,2004,http://sourceforge.net:80/users/abadger1999/
abadswitch,2000-2004,2004,http://sourceforge.net:80/users/abadswitch/
abaechler,2000-2004,2004,http://sourceforge.net:80/users/abaechler/
abagar,2000-2004,2004,http://sourceforge.net:80/users/abagar/
abager,2000-2004,2004,http://sourceforge.net:80/users/abager/
abaguidev1,2000-2004,2004,http://sourceforge.net:80/users/abaguidev1/
abaguidev3,2000-2004,2004,http://sourceforge.net:80/users/abaguidev3/
abaguidev4,2000-2004,2004,http://sourceforge.net:80/users/abaguidev4/
abajolet,2000-2004,2001,http://sourceforge.net:80/users/abajolet
abakker,2000-2004,2001,http://sourceforge.net:80/users/abakker/
aball,2000-2004,2001,http://sourceforge.net:80/users/aball/
abamfici,2000-2004,2003,http://sourceforge.net:80/users/abamfici/
abarea,2000-2004,2003,http://sourceforge.net:80/users/abarea/
abarilla,2000-2004,2004,http://sourceforge.net:80/users/abarilla/
abaskett,2000-2004,2004,http://sourceforge.net:80/users/abaskett/
abatalion,2000-2004,2004,http://sourceforge.net:80/users/abatalion/
abatko,2000-2004,2003,http://sourceforge.net:80/users/abatko/
abba_fan,2000-2004,2001,http://sourceforge.net:80/users/abba_fan/
abbal,2000-2004,2002,http://sourceforge.net:80/users/abbal/
abbeyj,2000-2004,2001,http://sourceforge.net:80/users/abbeyj/
abbhatta,2000-2004,2004,http://sourceforge.net:80/users/abbhatta/
abbrenner,2000-2004,2004,http://sourceforge.net:80/users/abbrenner/
abbychau,2000-2004,2004,http://sourceforge.net:80/users/abbychau/
abc0412450,2000-2004,2004,http://sourceforge.net:80/users/abc0412450/
abcdz,2000-2004,2004,http://sourceforge.net:80/users/abcdz/
abcho,2000-2004,2001,http://sourceforge.net:80/users/abcho
abcoates,2000-2004,2002,http://sourceforge.net:80/users/abcoates/
abcollier,2000-2004,2001,http://sourceforge.net:80/users/abcollier
abdowney,2000-2004,2003,http://sourceforge.net:80/users/abdowney/
abe-y,2000-2004,2004,http://sourceforge.net:80/users/abe-y/
abeacock,2000-2004,2004,http://sourceforge.net:80/users/abeacock/
abean,2000-2004,2004,http://sourceforge.net:80/users/abean/
abeaud,2000-2004,2001,http://sourceforge.net:80/users/abeaud
abeckedorf,2000-2004,2004,http://sourceforge.net:80/users/abeckedorf/
abefettig,2000-2004,2004,http://sourceforge.net:80/users/abefettig
abegtrup,2000-2004,2001,http://sourceforge.net:80/users/abegtrup/
abelajohnb,2000-2004,2002,http://sourceforge.net:80/users/abelajohnb/
abelew,2000-2004,2001,http://sourceforge.net:80/users/abelew
abeothman,2000-2004,2002,http://sourceforge.net:80/users/abeothman/
aberdeen,2000-2004,2004,http://sourceforge.net:80/users/aberdeen/
abergstr,2000-2004,2004,http://sourceforge.net:80/users/abergstr/
aberkid,2000-2004,2004,http://sourceforge.net:80/users/aberkid/
abernal,2000-2004,2001,http://sourceforge.net:80/users/abernal/
aberoham,2000-2004,2003,http://sourceforge.net:80/users/aberoham/
abesinger,2000-2004,2004,http://sourceforge.net:80/users/abesinger/
abetorius,2000-2004,2004,http://sourceforge.net:80/users/abetorius/
abewhite,2000-2004,2001,http://sourceforge.net:80/users/abewhite/
abeynaike,2000-2004,2004,http://sourceforge.net:80/users/abeynaike/
abezz,2000-2004,2004,http://sourceforge.net:80/users/abezz/
abf,2000-2004,2003,http://sourceforge.net:80/users/abf/
abheek,2000-2004,2001,http://sourceforge.net:80/users/abheek
abhi_sri,2000-2004,2003,http://sourceforge.net:80/users/abhi_sri
abhidarsh,2000-2004,2003,http://sourceforge.net:80/users/abhidarsh/%22/
abhijeetmhatre,2000-2004,2003,http://sourceforge.net:80/users/abhijeetmhatre/
abhilash_koneri,2000-2004,2004,http://sourceforge.net:80/users/abhilash_koneri/
abhishekarun,2000-2004,2003,http://sourceforge.net:80/users/abhishekarun/
abhishekp,2000-2004,2003,http://sourceforge.net:80/users/abhishekp/%22/
abial,2000-2004,2004,http://sourceforge.net:80/users/abial/
abiator,2000-2004,2003,http://sourceforge.net:80/users/abiator/
abies,2000-2004,2001,http://sourceforge.net:80/users/abies
abinder,2000-2004,2003,http://sourceforge.net:80/users/abinder/
abindian,2000-2004,2002,http://sourceforge.net:80/users/abindian/
abingham,2000-2004,2004,http://sourceforge.net:80/users/abingham/
abisma,2000-2004,2001,http://sourceforge.net:80/users/abisma/
abitkin,2000-2004,2002,http://sourceforge.net:80/users/abitkin/
abitos,2000-2004,2004,http://sourceforge.net:80/users/abitos/
abject1,2000-2004,2004,http://sourceforge.net:80/users/abject1/
ablazespace,2000-2004,2003,http://sourceforge.net:80/users/ablazespace/
abmann,2000-2004,2002,http://sourceforge.net:80/users/abmann/
abmccullough,2000-2004,2003,http://sourceforge.net:80/users/abmccullough/
abo,2000-2004,2001,http://sourceforge.net:80/users/abo
aboisseau,2000-2004,2004,http://sourceforge.net:80/users/aboisseau/
abokovoy,2000-2004,2004,http://sourceforge.net:80/users/abokovoy/
abondi,2000-2004,2002,http://sourceforge.net:80/users/abondi/
abonnema,2000-2004,2003,http://sourceforge.net:80/users/abonnema/
aboodman,2000-2004,2002,http://sourceforge.net:80/users/aboodman/
aboumouad,2000-2004,2003,http://sourceforge.net:80/users/aboumouad/
aboyd,2000-2004,2004,http://sourceforge.net:80/users/aboyd/
abracadaver,2000-2004,2002,http://sourceforge.net:80/users/abracadaver
abrachius,2000-2004,2002,http://sourceforge.net:80/users/abrachius/
abrahap,2000-2004,2004,http://sourceforge.net:80/users/abrahap/
abrarhh,2000-2004,2004,http://sourceforge.net:80/users/abrarhh/
abrasif,2000-2004,2002,http://sourceforge.net:80/users/abrasif/
abrasion,2000-2004,2001,http://sourceforge.net:80/users/abrasion
abrazafi,2000-2004,2004,http://sourceforge.net:80/users/abrazafi/
abreck,2000-2004,2001,http://sourceforge.net:80/users/abreck/
abreen,2000-2004,2004,http://sourceforge.net:80/users/abreen
abrender,2000-2004,2002,http://sourceforge.net:80/users/abrender/
abrenk,2000-2004,2004,http://sourceforge.net:80/users/abrenk/
abriggs,2000-2004,2004,http://sourceforge.net:80/users/abriggs/
abrink,2000-2004,2003,http://sourceforge.net:80/users/abrink/
abrito,2000-2004,2004,http://sourceforge.net:80/users/abrito/
abrock,2000-2004,2001,http://sourceforge.net:80/users/abrock/
abrooks,2000-2004,2001,http://sourceforge.net:80/users/abrooks/
abrugger1701,2000-2004,2002,http://sourceforge.net:80/users/abrugger1701/
abrugnon,2000-2004,2003,http://sourceforge.net:80/users/abrugnon/
abrunel,2000-2004,2004,http://sourceforge.net:80/users/abrunel/
abryanw,2000-2004,2002,http://sourceforge.net:80/users/abryanw/
abrzeczk,2000-2004,2004,http://sourceforge.net:80/users/abrzeczk/
abscess,2000-2004,2002,http://sourceforge.net:80/users/abscess/
absolut250,2000-2004,2001,http://sourceforge.net:80/users/absolut250/
absolutedestiny,2000-2004,2004,http://sourceforge.net:80/users/absolutedestiny/
abss,2000-2004,2004,http://sourceforge.net:80/users/abss/
abstractuk,2000-2004,2004,http://sourceforge.net:80/users/abstractuk/
absurdhero,2000-2004,2002,http://sourceforge.net:80/users/absurdhero/
abuck,2000-2004,2004,http://sourceforge.net:80/users/abuck/
abulava,2000-2004,2004,http://sourceforge.net:80/users/abulava/
abulka,2000-2004,2004,http://sourceforge.net:80/users/abulka
aburatan,2000-2004,2004,http://sourceforge.net:80/users/aburatan/
aburkart,2000-2004,2001,http://sourceforge.net:80/users/aburkart
aburke,2000-2004,2001,http://sourceforge.net:80/users/aburke
abush,2000-2004,2001,http://sourceforge.net:80/users/abush
abuss,2000-2004,2003,http://sourceforge.net:80/users/abuss/
abuzaim,2000-2004,2004,http://sourceforge.net:80/users/abuzaim/
abxabx,2000-2004,2004,http://sourceforge.net:80/users/abxabx/
abythell,2000-2004,2001,http://sourceforge.net:80/users/abythell/
abz,2000-2004,2002,http://sourceforge.net:80/users/abz/
abzero,2000-2004,2002,http://sourceforge.net:80/users/abzero/
ac-1000,2000-2004,2004,http://sourceforge.net:80/users/ac-1000/
ac0dr,2000-2004,2004,http://sourceforge.net:80/users/ac0dr
ac_nobrega,2000-2004,2001,http://sourceforge.net:80/users/ac_nobrega
acab,2000-2004,2004,http://sourceforge.net:80/users/acab/
acacio,2000-2004,2004,http://sourceforge.net:80/users/acacio
acalbazana,2000-2004,2004,http://sourceforge.net:80/users/acalbazana/
acalhoun,2000-2004,2001,http://sourceforge.net:80/users/acalhoun/
acalpini,2000-2004,2001,http://sourceforge.net:80/users/acalpini
acamas,2000-2004,2003,http://sourceforge.net:80/users/acamas/
acampi,2000-2004,2003,http://sourceforge.net:80/users/acampi/
acapnotic,2000-2004,2001,http://sourceforge.net:80/users/acapnotic
acapp,2000-2004,2001,http://sourceforge.net:80/users/acapp/
acarboni,2000-2004,2002,http://sourceforge.net:80/users/acarboni/
acarlhian,2000-2004,2001,http://sourceforge.net:80/users/acarlhian/
acarroll,2000-2004,2002,http://sourceforge.net:80/users/acarroll/
acarstoiu,2000-2004,2003,http://sourceforge.net:80/users/acarstoiu/
acarter,2000-2004,2004,http://sourceforge.net:80/users/acarter/
acassen,2000-2004,2001,http://sourceforge.net:80/users/acassen
acastro_igalia,2000-2004,2004,http://sourceforge.net:80/users/acastro_igalia/
acazenove,2000-2004,2002,http://sourceforge.net:80/users/acazenove/
acc2,2000-2004,2002,http://sourceforge.net:80/users/acc2/
accek,2000-2004,2004,http://sourceforge.net:80/users/accek/
access,2000-2004,2004,http://sourceforge.net:80/users/access
access2k,2000-2004,2003,http://sourceforge.net:80/users/access2k/
accko,2000-2004,2001,http://sourceforge.net:80/users/accko/
accordionguy,2000-2004,2001,http://sourceforge.net:80/users/accordionguy/
accountex,2000-2004,2004,http://sourceforge.net:80/users/accountex/
accsc,2000-2004,2003,http://sourceforge.net:80/users/accsc/
acdbx,2000-2004,2004,http://sourceforge.net:80/users/acdbx/
ace123,2000-2004,2002,http://sourceforge.net:80/users/ace123/
ace76,2000-2004,2001,http://sourceforge.net:80/users/ace76/
ace83,2000-2004,2004,http://sourceforge.net:80/users/ace83/
aceautomator,2000-2004,2003,http://sourceforge.net:80/users/aceautomator/
acebone,2000-2004,2001,http://sourceforge.net:80/users/acebone/
aceemx2,2000-2004,2004,http://sourceforge.net:80/users/aceemx2
acegik,2000-2004,2003,http://sourceforge.net:80/users/acegik/%22/
acejones,2000-2004,2004,http://sourceforge.net:80/users/acejones/
acelet,2000-2004,2002,http://sourceforge.net:80/users/acelet/
acemi,2000-2004,2003,http://sourceforge.net:80/users/acemi/%22/
aceponkus,2000-2004,2001,http://sourceforge.net:80/users/aceponkus/
acero,2000-2004,2001,http://sourceforge.net:80/users/acero/
0v0,2000-2004,2000,http://www.advogato.org:80/person/0v0/
0wim,2000-2004,2000,http://www.advogato.org:80/person/0wim/
1EUG1,2000-2004,2004,http://www.advogato.org:80/person/1EUG1/
23v,2000-2004,2000,http://advogato.org:80/person/23v/
2B,2000-2004,2001,http://advogato.org:80/person/2B/
2jewels,2000-2004,2000,http://www.advogato.org:80/person/2jewels/
2ritesh,2000-2004,2004,http://www.advogato.org:80/person/2ritesh/
3n91ma,2000-2004,2002,http://advogato.org:80/person/3n91ma/
4am,2000-2004,2002,http://www.advogato.org:80/person/4am/
4ngel,2000-2004,2004,http://www.advogato.org:80/person/4ngel/
4x,2000-2004,2003,http://www.advogato.org:80/person/4x/
51lent,2000-2004,2003,http://advogato.org:80/person/51lent/
6as00b,2000-2004,2003,http://advogato.org:80/person/6as00b/
a3n,2000-2004,2001,http://advogato.org:80/person/a3n/
aa,2000-2004,2001,http://advogato.org:80/person/aa/
aaaa,2000-2004,2002,http://advogato.org:80/person/aaaa/
aaaaaaaa,2000-2004,2001,http://advogato.org:80/person/aaaaaaaa/
aac,2000-2004,2003,http://www.advogato.org:80/person/aac/
aafuss,2000-2004,2003,http://www.advogato.org:80/person/aafuss/
aal,2000-2004,2000,http://www.advogato.org:80/person/aal/
Aardvark,2000-2004,2003,http://www.advogato.org:80/person/Aardvark/
aarestad,2000-2004,2000,http://www.advogato.org:80/person/aarestad/
aargh,2000-2004,2000,http://www.advogato.org:80/person/aargh/
aaronfaby,2000-2004,2001,http://www.advogato.org:80/person/aaronfaby/
-wUT,2000-2004,2001,http://use.perl.org:80/~-wUT/
2shortplanks,2000-2004,2001,http://use.perl.org:80/~2shortplanks/
"2shortplanks
",2000-2004,2002,http://use.perl.org:80/~2shortplanks%0a/
2shortplanks.com,2000-2004,2002,http://use.perl.org:80/~2shortplanks.com/
6pac,2000-2004,2003,http://use.perl.org:80/~6pac
__snxs,2000-2004,2004,http://use.perl.org:80/~__snxs
_bitwise,2000-2004,2001,http://use.perl.org:80/~_bitwise/
